"氏名","ふりがな","氏名ふりがな"
"押田","おしだ","押田（おしだ）"
"中島","なかじま","中島（なかじま）"
"渡部（恵）","わたなべ（めぐみ）","渡部（恵）（わたなべ（めぐみ））"
"しらす","しらす","しらす（しらす）"
"奥村","おくむら","奥村（おくむら）"
"かみや","かみや","かみや（かみや）"
"堀田","ほった","堀田（ほった）"
"小坂","こさか","小坂（こさか）"
"青木","あおき","青木（あおき）"
"竹内","たけうち","竹内（たけうち）"
"高橋（ま）","たかはし（ま）","高橋（ま）（たかはし（ま））"
"小栗","おぐり","小栗（おぐり）"
"墨谷","すみたに","墨谷（すみたに）"
"高橋（元）","たかはし（もと）","高橋（元）（たかはし（もと））"
"梶谷","かじたに","梶谷（かじたに）"
"田中（耕）","たなか（こう）","田中（耕）（たなか（こう））"
"塚田","つかだ","塚田（つかだ）"
"二瓶","にへい","二瓶（にへい）"
"田中（広）","たなか（こう）","田中（広）（たなか（こう））"
"渡部（博）","わたなべ（ひろし）","渡部（博）（わたなべ（ひろし））"
"海老原崇智","えびはらすうさとる","海老原崇智（えびはらすうさとる）"
"押田まり子","おしだまりこ","押田まり子（おしだまりこ）"
"瓜生正高","うりゅうまさたか","瓜生正高（うりゅうまさたか）"
"墨谷浩一","すみたにこういち","墨谷浩一（すみたにこういち）"
"原田賢一","はらだけんいち","原田賢一（はらだけんいち）"
"梶谷優香","かじたにゆうか","梶谷優香（かじたにゆうか）"
"奥村暁子","おくむらあきこ","奥村暁子（おくむらあきこ）"
"竹内幸美","たけうちゆきみ","竹内幸美（たけうちゆきみ）"
"二瓶文徳","にへいふみのり","二瓶文徳（にへいふみのり）"
"高橋まきこ","たかはしまきこ","高橋まきこ（たかはしまきこ）"
"渡部博年","わたなべひろしねん","渡部博年（わたなべひろしねん）"
"木村克一","きむらかついち","木村克一（きむらかついち）"
"青木かの","あおきかの","青木かの（あおきかの）"
"田中耕太郎","たなかこうたろう","田中耕太郎（たなかこうたろう）"
"太田","おおた","太田（おおた）"
"原田","はらだ","原田（はらだ）"
"礒野","いその","礒野（いその）"
"富永","とみなが","富永（とみなが）"
"礒野忠","いそのただし","礒野忠（いそのただし）"
"田中広一","たなかひろかず","田中広一（たなかひろかず）"
"塚田秀伸","つかだしゅうしん","塚田秀伸（つかだしゅうしん）"
"佐藤","さとう","佐藤（さとう）"
"瓜生","うりゅう","瓜生（うりゅう）"
"山本","やまもと","山本（やまもと）"
"堀田弥生","ほったやよい","堀田弥生（ほったやよい）"
"海老原","えびはら","海老原（えびはら）"
"山本理恵","やまもとりえ","山本理恵（やまもとりえ）"
"渡部恵子","わたなべけいこ","渡部恵子（わたなべけいこ）"
"小栗智恵子","おぐりちえこ","小栗智恵子（おぐりちえこ）"
"富永一","とみながいち","富永一（とみながいち）"
"高橋元気","たかはしげんき","高橋元気（たかはしげんき）"
"しらす夏","しらすなつ","しらす夏（しらすなつ）"
"太田太","おおたた","太田太（おおたた）"
"小坂和輝","こさかかずてる","小坂和輝（こさかかずてる）"
"中嶋ひろあき","なかじまひろあき","中嶋ひろあき（なかじまひろあき）"
"磯野忠","いそのただし","磯野忠（いそのただし）"
"かみや俊宏","かみやとしひろ","かみや俊宏（かみやとしひろ）"
"中島賢治","なかじまけんじ","中島賢治（なかじまけんじ）"
"中嶋","なかじま","中嶋（なかじま）"
"木村","きむら","木村（きむら）"
"佐藤あつこ","さとうあつこ","佐藤あつこ（さとうあつこ）"
"鈴木久雄","すずきひさお","鈴木久雄（すずきひさお）"
"石田英朗","いしだひでお","石田英朗（いしだひでお）"
"石田","いしだ","石田（いしだ）"
"志村","しむら","志村（しむら）"
"加藤","かとう","加藤（かとう）"
"加藤博司","かとうひろし","加藤博司（かとうひろし）"
"佐藤敦子","さとうあつこ","佐藤敦子（さとうあつこ）"
"染谷眞人","そめやまさと","染谷眞人（そめやまさと）"
"染谷","そめや","染谷（そめや）"
"松川たけゆき","まつかわたけゆき","松川たけゆき（まつかわたけゆき）"
"松川","まつかわ","松川（まつかわ）"
"志村孝美","しむらたかみ","志村孝美（しむらたかみ）"
"鈴木","すずき","鈴木（すずき）"
"西郷","さいごう","西郷（さいごう）"
"石島","いしじま","石島（いしじま）"
"石島秀起","いしじまひでおき","石島秀起（いしじまひでおき）"
"森谷","もりたに","森谷（もりたに）"
"森谷歩美","もりたにあゆみ","森谷歩美（もりたにあゆみ）"
"田中","たなか","田中（たなか）"
"磯野","いその","磯野（いその）"
"渡部","わたなべ","渡部（わたなべ）"
"植原恭子","うえはらきょうこ","植原恭子（うえはらきょうこ）"
"守本利雄","もりもととしお","守本利雄（もりもととしお）"
"植原","うえはら","植原（うえはら）"
"河井","かわい","河井（かわい）"
"増渕","ますぶち","増渕（ますぶち）"
"増渕一孝","ますぶちかずたか","増渕一孝（ますぶちかずたか）"
"今野弘美","こんのひろみ","今野弘美（こんのひろみ）"
"今野","こんの","今野（こんの）"
"河井志帆","かわいしほ","河井志帆（かわいしほ）"
"高橋伸治","たかはししんじ","高橋伸治（たかはししんじ）"
"高橋","たかはし","高橋（たかはし）"
"渡部委員（恵）","わたなべいいん（めぐみ）","渡部委員（恵）（わたなべいいん（めぐみ））"
"山﨑","やまやま","山﨑（やまやま）"
"守本","もりもと","守本（もりもと）"
"矢吹和重","やぶきかずしげ","矢吹和重（やぶきかずしげ）"
"鷲頭隆史","しゅうとうたかし","鷲頭隆史（しゅうとうたかし）"
"青木幸子","あおきゆきこ","青木幸子（あおきゆきこ）"
"神林","かんばやし","神林（かんばやし）"
"鞠子","まりこ","鞠子（まりこ）"
"田畑","たはた","田畑（たはた）"
"鷲頭","しゅうとう","鷲頭（しゅうとう）"
"鈴木（久）","すずき（きゅう）","鈴木（久）（すずき（きゅう））"
"田辺七郎","たなべしちろう","田辺七郎（たなべしちろう）"
"田辺","たなべ","田辺（たなべ）"
"矢吹","やぶき","矢吹（やぶき）"
"鈴木幸子","すずきゆきこ","鈴木幸子（すずきゆきこ）"
"鞠子勝彦","まりこかつひこ","鞠子勝彦（まりこかつひこ）"
"二瓶文隆","にへいふみたか","二瓶文隆（にへいふみたか）"
"鈴木（幸）","すずき（さち）","鈴木（幸）（すずき（さち））"
"中嶋寛明","なかじまひろあき","中嶋寛明（なかじまひろあき）"
"田畑五十二","たはたいそじ","田畑五十二（たはたいそじ）"
"岡田","おかだ","岡田（おかだ）"
"岡田眞理子","おかだまりこ","岡田眞理子（おかだまりこ）"
"神林烈","かんばやしれつ","神林烈（かんばやしれつ）"
"鷲頭孝史","しゅうとうたかし","鷲頭孝史（しゅうとうたかし）"
"髙橋邦夫","はしくにお","髙橋邦夫（はしくにお）"
"大塚","おおつか","大塚（おおつか）"
"坂戸","さかと","坂戸（さかと）"
"藤田正五","ふじたせいご","藤田正五（ふじたせいご）"
"大塚忠彦","おおつかただひこ","大塚忠彦（おおつかただひこ）"
"藤田","ふじた","藤田（ふじた）"
"田村","たむら","田村（たむら）"
"田村宏","たむらひろし","田村宏（たむらひろし）"
"青木（幸）","あおき（さち）","青木（幸）（あおき（さち））"
"坂戸三郎","さかとさぶろう","坂戸三郎（さかとさぶろう）"
